Entity,Code,Year,Outdoor air pollution,Household air pollution
Afghanistan,AFG,1990,13085,20372
Afghanistan,AFG,1995,17602,27948
Afghanistan,AFG,2000,20097,31581
Afghanistan,AFG,2005,22285,36956
Afghanistan,AFG,2006,22493,36622
Afghanistan,AFG,2010,21195,31631
Afghanistan,AFG,2016,27426,34356
Albania,ALB,1990,1208,2159
Albania,ALB,1995,1085,1994
Albania,ALB,2000,1105,1794
Albania,ALB,2005,1176,1680
Albania,ALB,2006,1219,1565
Albania,ALB,2010,1398,1190
Albania,ALB,2016,1421,1003
Algeria,DZA,1990,7963,2502
Algeria,DZA,1995,8298,1630
Algeria,DZA,2000,9007,1018
Algeria,DZA,2005,9062,456
Algeria,DZA,2006,9093,393
Algeria,DZA,2010,9547,220
Algeria,DZA,2016,12976,111
American Samoa,ASM,1990,2,11
American Samoa,ASM,1995,2,10
American Samoa,ASM,2000,3,9
American Samoa,ASM,2005,3,8
American Samoa,ASM,2006,2,8
American Samoa,ASM,2010,1,7
American Samoa,ASM,2016,2,6
Andorra,AND,1990,18,2
Andorra,AND,1995,21,1
Andorra,AND,2000,18,1
Andorra,AND,2005,21,1
Andorra,AND,2006,22,1
Andorra,AND,2010,24,1
Andorra,AND,2016,27,1
Angola,AGO,1990,6469,12604
Angola,AGO,1995,6912,13317
Angola,AGO,2000,7772,13815
Angola,AGO,2005,8156,13316
Angola,AGO,2006,8068,12874
Angola,AGO,2010,7733,11864
Angola,AGO,2016,7327,7902
Antigua and Barbuda,ATG,1990,21,4
Antigua and Barbuda,ATG,1995,20,3
Antigua and Barbuda,ATG,2000,19,2
Antigua and Barbuda,ATG,2005,18,2
Antigua and Barbuda,ATG,2006,18,2
Antigua and Barbuda,ATG,2010,16,1
Antigua and Barbuda,ATG,2016,19,1
Argentina,ARG,1990,13842,4424
Argentina,ARG,1995,13912,3139
Argentina,ARG,2000,14637,2588
Argentina,ARG,2005,14962,2208
Argentina,ARG,2006,15011,2109
Argentina,ARG,2010,15424,1707
Argentina,ARG,2016,15807,1202
Armenia,ARM,1990,1913,2355
Armenia,ARM,1995,1984,2226
Armenia,ARM,2000,1926,1366
Armenia,ARM,2005,2117,1269
Armenia,ARM,2006,2184,1239
Armenia,ARM,2010,2229,867
Armenia,ARM,2016,2148,650
Australia,AUS,1990,3864,241
Australia,AUS,1995,3764,98
Australia,AUS,2000,3533,86
Australia,AUS,2005,3154,87
Australia,AUS,2006,3057,85
Australia,AUS,2010,2669,69
Australia,AUS,2016,3098,59
Austria,AUT,1990,4904,377
Austria,AUT,1995,4464,257
Austria,AUT,2000,3995,196
Austria,AUT,2005,3542,148
Austria,AUT,2006,3492,140
Austria,AUT,2010,3407,112
Austria,AUT,2016,3454,87
Azerbaijan,AZE,1990,5348,5458
Azerbaijan,AZE,1995,5341,5220
Azerbaijan,AZE,2000,5286,3481
Azerbaijan,AZE,2005,5425,2442
Azerbaijan,AZE,2006,5601,2257
Azerbaijan,AZE,2010,6469,2098
Azerbaijan,AZE,2016,6885,1849
Bahamas,BHS,1990,61,15
Bahamas,BHS,1995,67,13
Bahamas,BHS,2000,68,11
Bahamas,BHS,2005,75,10
Bahamas,BHS,2006,71,10
Bahamas,BHS,2010,69,10
Bahamas,BHS,2016,95,10
Bahrain,BHR,1990,212,44
Bahrain,BHR,1995,228,28
Bahrain,BHR,2000,228,21
Bahrain,BHR,2005,217,11
Bahrain,BHR,2006,224,10
Bahrain,BHR,2010,253,8
Bahrain,BHR,2016,308,6
Bangladesh,BGD,1990,82922,117467
Bangladesh,BGD,1995,81365,110913
Bangladesh,BGD,2000,82277,108085
Bangladesh,BGD,2005,94713,110898
Bangladesh,BGD,2006,96396,111627
Bangladesh,BGD,2010,100287,110340
Bangladesh,BGD,2016,115489,106871
Barbados,BRB,1990,108,1
Barbados,BRB,1995,112,1
Barbados,BRB,2000,99,1
Barbados,BRB,2005,87,0
Barbados,BRB,2006,86,0
Barbados,BRB,2010,79,0
Barbados,BRB,2016,103,0
Belarus,BLR,1990,11199,1590
Belarus,BLR,1995,12252,1513
Belarus,BLR,2000,11919,1091
Belarus,BLR,2005,11796,784
Belarus,BLR,2006,11533,677
Belarus,BLR,2010,11406,417
Belarus,BLR,2016,9657,244
Belgium,BEL,1990,6705,204
Belgium,BEL,1995,6122,130
Belgium,BEL,2000,5837,105
Belgium,BEL,2005,5321,85
Belgium,BEL,2006,5215,81
Belgium,BEL,2010,5164,68
Belgium,BEL,2016,5230,56
Belize,BLZ,1990,58,55
Belize,BLZ,1995,68,45
Belize,BLZ,2000,79,39
Belize,BLZ,2005,67,31
Belize,BLZ,2006,66,30
Belize,BLZ,2010,68,33
Belize,BLZ,2016,76,31
Benin,BEN,1990,4128,6640
Benin,BEN,1995,4395,7078
Benin,BEN,2000,4396,6949
Benin,BEN,2005,3817,6625
Benin,BEN,2006,3790,6592
Benin,BEN,2010,3913,6884
Benin,BEN,2016,5737,7056
Bermuda,BMU,1990,24,8
Bermuda,BMU,1995,23,6
Bermuda,BMU,2000,21,5
Bermuda,BMU,2005,18,3
Bermuda,BMU,2006,17,3
Bermuda,BMU,2010,14,3
Bermuda,BMU,2016,14,2
Bhutan,BTN,1990,364,593
Bhutan,BTN,1995,314,462
Bhutan,BTN,2000,309,395
Bhutan,BTN,2005,336,306
Bhutan,BTN,2006,333,289
Bhutan,BTN,2010,337,237
Bhutan,BTN,2016,388,180
Bolivia,BOL,1990,4390,6364
Bolivia,BOL,1995,4149,4890
Bolivia,BOL,2000,3871,3863
Bolivia,BOL,2005,4343,3398
Bolivia,BOL,2006,4211,3284
Bolivia,BOL,2010,3918,2916
Bolivia,BOL,2016,3751,2149
Bosnia and Herzegovina,BIH,1990,3519,4137
Bosnia and Herzegovina,BIH,1995,3246,3797
Bosnia and Herzegovina,BIH,2000,3019,2917
Bosnia and Herzegovina,BIH,2005,3095,2631
Bosnia and Herzegovina,BIH,2006,3132,2568
Bosnia and Herzegovina,BIH,2010,3216,2290
Bosnia and Herzegovina,BIH,2016,3432,2062
Botswana,BWA,1990,341,641
Botswana,BWA,1995,420,712
Botswana,BWA,2000,608,889
Botswana,BWA,2005,609,796
Botswana,BWA,2006,585,753
Botswana,BWA,2010,524,600
Botswana,BWA,2016,627,450
Brazil,BRA,1990,41829,40333
Brazil,BRA,1995,44940,31890
Brazil,BRA,2000,48031,21676
Brazil,BRA,2005,45887,17131
Brazil,BRA,2006,45053,16027
Brazil,BRA,2010,42486,12193
Brazil,BRA,2016,52742,8007
Brunei,BRN,1990,19,12
Brunei,BRN,1995,20,2
Brunei,BRN,2000,17,0
Brunei,BRN,2005,29,0
Brunei,BRN,2006,29,0
Brunei,BRN,2010,29,0
Brunei,BRN,2016,39,0
Bulgaria,BGR,1990,12801,4690
Bulgaria,BGR,1995,12197,3894
Bulgaria,BGR,2000,10942,3015
Bulgaria,BGR,2005,9820,2692
Bulgaria,BGR,2006,9945,2590
Bulgaria,BGR,2010,9719,2118
Bulgaria,BGR,2016,9339,1713
Burkina Faso,BFA,1990,8200,13124
Burkina Faso,BFA,1995,8159,13005
Burkina Faso,BFA,2000,8311,13160
Burkina Faso,BFA,2005,7728,12679
Burkina Faso,BFA,2006,7675,12535
Burkina Faso,BFA,2010,7892,12544
Burkina Faso,BFA,2016,10267,12653
Burundi,BDI,1990,4515,8426
Burundi,BDI,1995,4537,8414
Burundi,BDI,2000,4158,7679
Burundi,BDI,2005,3916,7474
Burundi,BDI,2006,3857,7372
Burundi,BDI,2010,3859,7510
Burundi,BDI,2016,4788,8485
Cambodia,KHM,1990,4950,12218
Cambodia,KHM,1995,5690,13784
Cambodia,KHM,2000,5936,13922
Cambodia,KHM,2005,6316,13201
Cambodia,KHM,2006,6106,12820
Cambodia,KHM,2010,5634,11795
Cambodia,KHM,2016,6002,10792
Cameroon,CMR,1990,9195,10721
Cameroon,CMR,1995,10672,12281
Cameroon,CMR,2000,12362,14002
Cameroon,CMR,2005,12135,14183
Cameroon,CMR,2006,12237,14322
Cameroon,CMR,2010,12801,15339
Cameroon,CMR,2016,16222,14661
Canada,CAN,1990,7297,112
Canada,CAN,1995,7523,80
Canada,CAN,2000,7399,64
Canada,CAN,2005,7467,56
Canada,CAN,2006,7279,54
Canada,CAN,2010,6731,47
Canada,CAN,2016,7644,44
Cape Verde,CPV,1990,159,207
Cape Verde,CPV,1995,183,204
Cape Verde,CPV,2000,189,180
Cape Verde,CPV,2005,171,180
Cape Verde,CPV,2006,174,180
Cape Verde,CPV,2010,182,160
Cape Verde,CPV,2016,239,118
Caribbean,,1990,15736,14775
Caribbean,,1995,16325,13992
Caribbean,,2000,16497,12571
Caribbean,,2005,16007,12071
Caribbean,,2006,15730,12072
Caribbean,,2010,14936,11968
Caribbean,,2016,17088,11474
Central African Republic,CAF,1990,2730,4707
Central African Republic,CAF,1995,3061,5229
Central African Republic,CAF,2000,3385,5630
Central African Republic,CAF,2005,3447,5728
Central African Republic,CAF,2006,3549,5954
Central African Republic,CAF,2010,3577,6162
Central African Republic,CAF,2016,4269,6212
Central Asia,,1990,50956,44198
Central Asia,,1995,54387,43151
Central Asia,,2000,53303,34713
Central Asia,,2005,52820,31563
Central Asia,,2006,52954,30258
Central Asia,,2010,52336,24484
Central Asia,,2016,54808,19735
Central Europe,,1990,129278,60701
Central Europe,,1995,116550,52958
Central Europe,,2000,101510,41954
Central Europe,,2005,93734,35026
Central Europe,,2006,93986,33089
Central Europe,,2010,95152,26902
Central Europe,,2016,90890,21428
Central Sub-Saharan Africa,,1990,31955,57087
Central Sub-Saharan Africa,,1995,36255,64065
Central Sub-Saharan Africa,,2000,40026,68213
Central Sub-Saharan Africa,,2005,40106,68379
Central Sub-Saharan Africa,,2006,40355,68942
Central Sub-Saharan Africa,,2010,41050,71675
Central Sub-Saharan Africa,,2016,47845,69459
Chad,TCD,1990,4632,7619
Chad,TCD,1995,5261,8600
Chad,TCD,2000,6295,10085
Chad,TCD,2005,6641,10805
Chad,TCD,2006,6791,11060
Chad,TCD,2010,7393,12169
Chad,TCD,2016,9182,12324
Chile,CHL,1990,4445,2664
Chile,CHL,1995,4401,2031
Chile,CHL,2000,4084,1432
Chile,CHL,2005,4248,1037
Chile,CHL,2006,4189,955
Chile,CHL,2010,4415,751
Chile,CHL,2016,5000,550
China,CHN,1990,969657,1285110
China,CHN,1995,1055662,1269530
China,CHN,2000,1102410,1136164
China,CHN,2005,1143314,997600
China,CHN,2006,1112394,940272
China,CHN,2010,1134227,817744
China,CHN,2016,1144746,605098
Colombia,COL,1990,7723,6525
Colombia,COL,1995,8447,5866
Colombia,COL,2000,8822,5115
Colombia,COL,2005,9794,5392
Colombia,COL,2006,9923,5637
Colombia,COL,2010,9400,5702
Colombia,COL,2016,10112,3891
Comoros,COM,1990,169,449
Comoros,COM,1995,173,447
Comoros,COM,2000,170,422
Comoros,COM,2005,161,367
Comoros,COM,2006,160,369
Comoros,COM,2010,148,366
Comoros,COM,2016,161,338
Congo,COG,1990,1754,2735
Congo,COG,1995,1995,3037
Congo,COG,2000,2193,3103
Congo,COG,2005,1974,2729
Congo,COG,2006,1951,2688
Congo,COG,2010,1860,2532
Congo,COG,2016,1983,2121
Costa Rica,CRI,1990,575,453
Costa Rica,CRI,1995,652,356
Costa Rica,CRI,2000,721,263
Costa Rica,CRI,2005,698,197
Costa Rica,CRI,2006,672,186
Costa Rica,CRI,2010,618,151
Costa Rica,CRI,2016,852,136
Cote d'Ivoire,CIV,1990,6369,12441
Cote d'Ivoire,CIV,1995,7737,14371
Cote d'Ivoire,CIV,2000,8423,14992
Cote d'Ivoire,CIV,2005,7839,15083
Cote d'Ivoire,CIV,2006,7985,15388
Cote d'Ivoire,CIV,2010,8201,15385
Cote d'Ivoire,CIV,2016,12515,15816
Croatia,HRV,1990,4060,1814
Croatia,HRV,1995,3783,1609
Croatia,HRV,2000,3548,1310
Croatia,HRV,2005,3435,1062
Croatia,HRV,2006,3430,1020
Croatia,HRV,2010,3355,851
Croatia,HRV,2016,3530,679
Cuba,CUB,1990,5215,828
Cuba,CUB,1995,5498,1039
Cuba,CUB,2000,5454,849
Cuba,CUB,2005,5401,627
Cuba,CUB,2006,5236,587
Cuba,CUB,2010,4756,469
Cuba,CUB,2016,5449,370
Cyprus,CYP,1990,349,32
Cyprus,CYP,1995,351,19
Cyprus,CYP,2000,335,13
Cyprus,CYP,2005,313,9
Cyprus,CYP,2006,305,9
Cyprus,CYP,2010,311,7
Cyprus,CYP,2016,361,5
Czech Republic,CZE,1990,12656,897
Czech Republic,CZE,1995,9827,663
Czech Republic,CZE,2000,7894,501
Czech Republic,CZE,2005,7194,413
Czech Republic,CZE,2006,7101,392
Czech Republic,CZE,2010,7135,339
Czech Republic,CZE,2016,6716,262
Democratic Republic of Congo,COD,1990,19987,35510
Democratic Republic of Congo,COD,1995,23214,41036
Democratic Republic of Congo,COD,2000,25653,44629
Democratic Republic of Congo,COD,2005,25646,45865
Democratic Republic of Congo,COD,2006,25896,46703
Democratic Republic of Congo,COD,2010,27041,50536
Democratic Republic of Congo,COD,2016,33329,52788
Denmark,DNK,1990,3294,72
Denmark,DNK,1995,3100,54
Denmark,DNK,2000,2595,42
Denmark,DNK,2005,2238,36
Denmark,DNK,2006,2191,34
Denmark,DNK,2010,2035,29
Denmark,DNK,2016,1939,23
Djibouti,DJI,1990,340,455
Djibouti,DJI,1995,382,426
Djibouti,DJI,2000,401,335
Djibouti,DJI,2005,374,268
Djibouti,DJI,2006,376,263
Djibouti,DJI,2010,384,240
Djibouti,DJI,2016,435,184
Dominica,DMA,1990,20,25
Dominica,DMA,1995,22,18
Dominica,DMA,2000,18,10
Dominica,DMA,2005,18,8
Dominica,DMA,2006,18,7
Dominica,DMA,2010,17,6
Dominica,DMA,2016,21,4
Dominican Republic,DOM,1990,1636,1530
Dominican Republic,DOM,1995,1783,1182
Dominican Republic,DOM,2000,2169,902
Dominican Republic,DOM,2005,2163,890
Dominican Republic,DOM,2006,2230,893
Dominican Republic,DOM,2010,2475,868
Dominican Republic,DOM,2016,2989,747
East Asia,,1990,985527,1307178
East Asia,,1995,1074665,1294634
East Asia,,2000,1125344,1166211
East Asia,,2005,1170488,1032411
East Asia,,2006,1140109,975670
East Asia,,2010,1164942,855967
East Asia,,2016,1181344,645318
Eastern Europe,,1990,215913,20459
Eastern Europe,,1995,256859,23237
Eastern Europe,,2000,239587,20328
Eastern Europe,,2005,240190,24122
Eastern Europe,,2006,227891,20883
Eastern Europe,,2010,211599,12610
Eastern Europe,,2016,198331,7961
Eastern Sub-Saharan Africa,,1990,106961,238736
Eastern Sub-Saharan Africa,,1995,113065,249633
Eastern Sub-Saharan Africa,,2000,115009,250342
Eastern Sub-Saharan Africa,,2005,108452,244472
Eastern Sub-Saharan Africa,,2006,108921,244536
Eastern Sub-Saharan Africa,,2010,108530,240063
Eastern Sub-Saharan Africa,,2016,121927,231546
Ecuador,ECU,1990,2211,2393
Ecuador,ECU,1995,2338,1813
Ecuador,ECU,2000,2405,1276
Ecuador,ECU,2005,2593,877
Ecuador,ECU,2006,2508,836
Ecuador,ECU,2010,2210,634
Ecuador,ECU,2016,2267,433
Egypt,EGY,1990,52108,6455
Egypt,EGY,1995,48437,3413
Egypt,EGY,2000,46952,1840
Egypt,EGY,2005,52964,880
Egypt,EGY,2006,54619,799
Egypt,EGY,2010,61992,557
Egypt,EGY,2016,68895,280
El Salvador,SLV,1990,1832,2207
El Salvador,SLV,1995,1897,1983
El Salvador,SLV,2000,1863,1554
El Salvador,SLV,2005,1845,1207
El Salvador,SLV,2006,1827,1138
El Salvador,SLV,2010,1763,904
El Salvador,SLV,2016,2018,697
England,,1990,34890,4965
England,,1995,32172,2434
England,,2000,27545,1369
England,,2005,23272,867
England,,2006,22440,791
England,,2010,20484,588
England,,2016,21352,482
Equatorial Guinea,GNQ,1990,380,679
Equatorial Guinea,GNQ,1995,394,690
Equatorial Guinea,GNQ,2000,304,461
Equatorial Guinea,GNQ,2005,201,306
Equatorial Guinea,GNQ,2006,208,310
Equatorial Guinea,GNQ,2010,208,284
Equatorial Guinea,GNQ,2016,243,231
Eritrea,ERI,1990,1796,3278
Eritrea,ERI,1995,1477,2607
Eritrea,ERI,2000,1421,2241
Eritrea,ERI,2005,1536,2293
Eritrea,ERI,2006,1578,2288
Eritrea,ERI,2010,1689,2165
Eritrea,ERI,2016,1846,1853
Estonia,EST,1990,1157,638
Estonia,EST,1995,1089,666
Estonia,EST,2000,831,517
Estonia,EST,2005,713,431
Estonia,EST,2006,703,411
Estonia,EST,2010,563,289
Estonia,EST,2016,394,227
Ethiopia,ETH,1990,34047,68899
Ethiopia,ETH,1995,37086,75896
Ethiopia,ETH,2000,37141,77355
Ethiopia,ETH,2005,33953,74704
Ethiopia,ETH,2006,34139,74091
Ethiopia,ETH,2010,33785,69203
Ethiopia,ETH,2016,37793,62153
Fiji,FJI,1990,134,363
Fiji,FJI,1995,156,355
Fiji,FJI,2000,173,326
Fiji,FJI,2005,189,277
Fiji,FJI,2006,183,271
Fiji,FJI,2010,155,236
Fiji,FJI,2016,192,196
Finland,FIN,1990,2145,141
Finland,FIN,1995,1829,89
Finland,FIN,2000,1607,65
Finland,FIN,2005,1397,46
Finland,FIN,2006,1402,44
Finland,FIN,2010,1391,35
Finland,FIN,2016,1131,26
France,FRA,1990,20963,1533
France,FRA,1995,19950,839
France,FRA,2000,18668,571
France,FRA,2005,17166,420
France,FRA,2006,16960,395
France,FRA,2010,16920,328
France,FRA,2016,17389,268
Gabon,GAB,1990,635,851
Gabon,GAB,1995,678,756
Gabon,GAB,2000,719,577
Gabon,GAB,2005,682,435
Gabon,GAB,2006,682,412
Gabon,GAB,2010,632,295
Gabon,GAB,2016,693,204
Gambia,GMB,1990,529,856
Gambia,GMB,1995,533,863
Gambia,GMB,2000,555,881
Gambia,GMB,2005,546,971
Gambia,GMB,2006,563,983
Gambia,GMB,2010,598,972
Gambia,GMB,2016,758,1013
Georgia,GEO,1990,4662,5156
Georgia,GEO,1995,3919,4432
Georgia,GEO,2000,3863,4348
Georgia,GEO,2005,4160,4864
Georgia,GEO,2006,4069,4653
Georgia,GEO,2010,4137,4153
Georgia,GEO,2016,3622,3091
Germany,DEU,1990,58048,3899
Germany,DEU,1995,49321,2519
Germany,DEU,2000,42708,1929
Germany,DEU,2005,38368,1593
Germany,DEU,2006,38041,1539
Germany,DEU,2010,37877,1316
Germany,DEU,2016,38873,1056
Ghana,GHA,1990,6217,11093
Ghana,GHA,1995,6754,11875
Ghana,GHA,2000,7946,13434
Ghana,GHA,2005,7999,15341
Ghana,GHA,2006,8219,15615
Ghana,GHA,2010,9067,16410
Ghana,GHA,2016,11989,14458
Greece,GRC,1990,5577,704
Greece,GRC,1995,5475,381
Greece,GRC,2000,5546,250
Greece,GRC,2005,5222,176
Greece,GRC,2006,5286,163
Greece,GRC,2010,5929,132
Greece,GRC,2016,6404,108
Greenland,GRL,1990,9,3
Greenland,GRL,1995,8,2
Greenland,GRL,2000,9,2
Greenland,GRL,2005,8,2
Greenland,GRL,2006,7,1
Greenland,GRL,2010,5,1
Greenland,GRL,2016,3,1
Grenada,GRD,1990,43,41
Grenada,GRD,1995,42,21
Grenada,GRD,2000,39,12
Grenada,GRD,2005,37,7
Grenada,GRD,2006,36,7
Grenada,GRD,2010,32,5
Grenada,GRD,2016,39,3
Guam,GUM,1990,19,8
Guam,GUM,1995,22,8
Guam,GUM,2000,29,9
Guam,GUM,2005,36,11
Guam,GUM,2006,37,12
Guam,GUM,2010,41,14
Guam,GUM,2016,58,15
Guatemala,GTM,1990,4237,6804
Guatemala,GTM,1995,4609,6796
Guatemala,GTM,2000,5035,6836
Guatemala,GTM,2005,4820,6422
Guatemala,GTM,2006,4601,6193
Guatemala,GTM,2010,4011,5350
Guatemala,GTM,2016,4176,4460
Guinea,GIN,1990,4282,9840
Guinea,GIN,1995,5120,11619
Guinea,GIN,2000,5076,11366
Guinea,GIN,2005,4566,10983
Guinea,GIN,2006,4670,11035
Guinea,GIN,2010,5203,11412
Guinea,GIN,2016,6684,11570
Guinea-Bissau,GNB,1990,863,1657
Guinea-Bissau,GNB,1995,879,1668
Guinea-Bissau,GNB,2000,923,1738
Guinea-Bissau,GNB,2005,813,1751
Guinea-Bissau,GNB,2006,835,1756
Guinea-Bissau,GNB,2010,948,1825
Guinea-Bissau,GNB,2016,1165,1789
Guyana,GUY,1990,313,171
Guyana,GUY,1995,333,152
Guyana,GUY,2000,267,106
Guyana,GUY,2005,258,116
Guyana,GUY,2006,255,115
Guyana,GUY,2010,253,102
Guyana,GUY,2016,295,72
Haiti,HTI,1990,5506,11230
Haiti,HTI,1995,5415,10829
Haiti,HTI,2000,5158,10083
Haiti,HTI,2005,5112,9928
Haiti,HTI,2006,5016,9980
Haiti,HTI,2010,4643,10069
Haiti,HTI,2016,4990,9899
High SDI,,1990,450462,42220
High SDI,,1995,424864,27753
High SDI,,2000,395857,18971
High SDI,,2005,374530,15398
High SDI,,2006,368246,14804
High SDI,,2010,353902,12363
High SDI,,2016,383158,9876
High-income,,1990,410797,33304
High-income,,1995,394693,19938
High-income,,2000,376719,14257
High-income,,2005,357327,11053
High-income,,2006,349975,10446
High-income,,2010,334508,8487
High-income,,2016,366676,6759
High-middle SDI,,1990,612007,331072
High-middle SDI,,1995,684356,309209
High-middle SDI,,2000,681289,245178
High-middle SDI,,2005,683015,198771
High-middle SDI,,2006,664285,182141
High-middle SDI,,2010,654500,136791
High-middle SDI,,2016,669523,92819
Honduras,HND,1990,1666,2519
Honduras,HND,1995,1837,2515
Honduras,HND,2000,2054,2478
Honduras,HND,2005,2332,2475
Honduras,HND,2006,2324,2478
Honduras,HND,2010,2318,2537
Honduras,HND,2016,2556,2435
Hungary,HUN,1990,13119,5894
Hungary,HUN,1995,11606,4558
Hungary,HUN,2000,9898,3276
Hungary,HUN,2005,9277,2896
Hungary,HUN,2006,9242,2771
Hungary,HUN,2010,9176,2423
Hungary,HUN,2016,9342,2002
Iceland,ISL,1990,72,5
Iceland,ISL,1995,70,3
Iceland,ISL,2000,64,2
Iceland,ISL,2005,60,2
Iceland,ISL,2006,60,2
Iceland,ISL,2010,59,2
Iceland,ISL,2016,60,1
India,IND,1990,739934,989826
India,IND,1995,782090,975521
India,IND,2000,839299,972091
India,IND,2005,881508,939971
India,IND,2006,895689,942642
India,IND,2010,958806,916055
India,IND,2016,1124673,782906
Indonesia,IDN,1990,53082,109847
Indonesia,IDN,1995,56781,97801
Indonesia,IDN,2000,63391,89923
Indonesia,IDN,2005,71369,99966
Indonesia,IDN,2006,71574,101767
Indonesia,IDN,2010,71372,97784
Indonesia,IDN,2016,80650,60835
Iran,IRN,1990,19401,2446
Iran,IRN,1995,19902,1327
Iran,IRN,2000,22863,900
Iran,IRN,2005,25832,610
Iran,IRN,2006,26490,558
Iran,IRN,2010,28318,411
Iran,IRN,2016,29661,262
Iraq,IRQ,1990,10071,2010
Iraq,IRQ,1995,11927,1712
Iraq,IRQ,2000,13251,1446
Iraq,IRQ,2005,14766,1372
Iraq,IRQ,2006,15506,1353
Iraq,IRQ,2010,18711,1024
Iraq,IRQ,2016,18470,657
Ireland,IRL,1990,1809,187
Ireland,IRL,1995,1683,115
Ireland,IRL,2000,1495,79
Ireland,IRL,2005,1157,50
Ireland,IRL,2006,1126,47
Ireland,IRL,2010,1053,36
Ireland,IRL,2016,1115,29
Israel,ISR,1990,1989,101
Israel,ISR,1995,2031,71
Israel,ISR,2000,1777,53
Israel,ISR,2005,1692,47
Israel,ISR,2006,1702,46
Israel,ISR,2010,1710,39
Israel,ISR,2016,1962,34
Italy,ITA,1990,30455,2379
Italy,ITA,1995,28434,1392
Italy,ITA,2000,26206,990
Italy,ITA,2005,24255,762
Italy,ITA,2006,24295,729
Italy,ITA,2010,24797,604
Italy,ITA,2016,27330,502
Jamaica,JAM,1990,683,618
Jamaica,JAM,1995,736,473
Jamaica,JAM,2000,772,390
Jamaica,JAM,2005,736,319
Jamaica,JAM,2006,725,314
Jamaica,JAM,2010,680,292
Jamaica,JAM,2016,814,244
Japan,JPN,1990,37675,989
Japan,JPN,1995,38874,220
Japan,JPN,2000,38822,78
Japan,JPN,2005,42794,69
Japan,JPN,2006,42821,66
Japan,JPN,2010,43228,58
Japan,JPN,2016,47959,46
Jordan,JOR,1990,983,15
Jordan,JOR,1995,1111,8
Jordan,JOR,2000,1165,4
Jordan,JOR,2005,1305,3
Jordan,JOR,2006,1319,2
Jordan,JOR,2010,1416,2
Jordan,JOR,2016,1660,1
Kazakhstan,KAZ,1990,10079,7101
Kazakhstan,KAZ,1995,11725,7961
Kazakhstan,KAZ,2000,11048,6392
Kazakhstan,KAZ,2005,11098,6352
Kazakhstan,KAZ,2006,11190,6261
Kazakhstan,KAZ,2010,9771,4262
Kazakhstan,KAZ,2016,9586,3155
Kenya,KEN,1990,5373,16884
Kenya,KEN,1995,5903,17425
Kenya,KEN,2000,6152,17426
Kenya,KEN,2005,6063,17637
Kenya,KEN,2006,6018,17506
Kenya,KEN,2010,6177,17711
Kenya,KEN,2016,6556,16566
Kiribati,KIR,1990,7,78
Kiribati,KIR,1995,7,79
Kiribati,KIR,2000,7,84
Kiribati,KIR,2005,7,86
Kiribati,KIR,2006,5,88
Kiribati,KIR,2010,4,92
Kiribati,KIR,2016,8,96
Kuwait,KWT,1990,372,64
Kuwait,KWT,1995,362,35
Kuwait,KWT,2000,415,23
Kuwait,KWT,2005,510,10
Kuwait,KWT,2006,554,9
Kuwait,KWT,2010,690,6
Kuwait,KWT,2016,868,3
Kyrgyzstan,KGZ,1990,2783,3859
Kyrgyzstan,KGZ,1995,2962,3890
Kyrgyzstan,KGZ,2000,2666,3279
Kyrgyzstan,KGZ,2005,2881,3236
Kyrgyzstan,KGZ,2006,2973,3199
Kyrgyzstan,KGZ,2010,2713,2405
Kyrgyzstan,KGZ,2016,2592,1720
Laos,LAO,1990,3469,7911
Laos,LAO,1995,3753,8305
Laos,LAO,2000,3655,7833
Laos,LAO,2005,3701,7258
Laos,LAO,2006,3615,7081
Laos,LAO,2010,3437,6701
Laos,LAO,2016,3271,5985
Latin America and Caribbean,,1990,114264,110649
Latin America and Caribbean,,1995,122050,93768
Latin America and Caribbean,,2000,126782,74782
Latin America and Caribbean,,2005,128133,67491
Latin America and Caribbean,,2006,126107,66012
Latin America and Caribbean,,2010,121895,60905
Latin America and Caribbean,,2016,141529,48434
Latvia,LVA,1990,3098,818
Latvia,LVA,1995,3127,851
Latvia,LVA,2000,2268,606
Latvia,LVA,2005,2267,603
Latvia,LVA,2006,2350,605
Latvia,LVA,2010,1956,445
Latvia,LVA,2016,1680,351
Lebanon,LBN,1990,1360,2
Lebanon,LBN,1995,1185,1
Lebanon,LBN,2000,1071,0
Lebanon,LBN,2005,1131,0
Lebanon,LBN,2006,1162,0
Lebanon,LBN,2010,1273,0
Lebanon,LBN,2016,1853,0
Lesotho,LSO,1990,681,1275
Lesotho,LSO,1995,773,1391
Lesotho,LSO,2000,1017,1764
Lesotho,LSO,2005,1136,1928
Lesotho,LSO,2006,1117,1909
Lesotho,LSO,2010,1040,1822
Lesotho,LSO,2016,1067,1486
Liberia,LBR,1990,554,2710
Liberia,LBR,1995,509,2490
Liberia,LBR,2000,602,2762
Liberia,LBR,2005,516,2396
Liberia,LBR,2006,525,2406
Liberia,LBR,2010,601,2641
Liberia,LBR,2016,984,2695
Libya,LBY,1990,1215,123
Libya,LBY,1995,1344,99
Libya,LBY,2000,1586,75
Libya,LBY,2005,1761,42
Libya,LBY,2006,1812,37
Libya,LBY,2010,2041,20
Libya,LBY,2016,2462,10
Lithuania,LTU,1990,3588,129
Lithuania,LTU,1995,3633,123
Lithuania,LTU,2000,2706,94
Lithuania,LTU,2005,2956,170
Lithuania,LTU,2006,3034,170
Lithuania,LTU,2010,2833,141
Lithuania,LTU,2016,2522,113
Low SDI,,1990,267740,480702
Low SDI,,1995,290250,514107
Low SDI,,2000,309513,532217
Low SDI,,2005,307856,534755
Low SDI,,2006,310461,537180
Low SDI,,2010,315511,535291
Low SDI,,2016,372055,525497
Low-middle SDI,,1990,989789,1417142
Low-middle SDI,,1995,1055556,1424952
Low-middle SDI,,2000,1119781,1413014
Low-middle SDI,,2005,1172036,1380475
Low-middle SDI,,2006,1182890,1377963
Low-middle SDI,,2010,1237345,1345607
Low-middle SDI,,2016,1420818,1179686
Luxembourg,LUX,1990,251,10
Luxembourg,LUX,1995,219,6
Luxembourg,LUX,2000,193,5
Luxembourg,LUX,2005,176,4
Luxembourg,LUX,2006,172,4
Luxembourg,LUX,2010,169,3
Luxembourg,LUX,2016,185,2
Macedonia,MKD,1990,1577,1310
Macedonia,MKD,1995,1490,1208
Macedonia,MKD,2000,1551,1162
Macedonia,MKD,2005,1540,1093
Macedonia,MKD,2006,1570,1065
Macedonia,MKD,2010,1683,956
Macedonia,MKD,2016,1641,751
Madagascar,MDG,1990,5323,15433
Madagascar,MDG,1995,6088,17252
Madagascar,MDG,2000,6353,17512
Madagascar,MDG,2005,6361,17836
Madagascar,MDG,2006,6351,17886
Madagascar,MDG,2010,6825,19630
Madagascar,MDG,2016,8540,21146
Malawi,MWI,1990,5127,12247
Malawi,MWI,1995,5549,13097
Malawi,MWI,2000,6210,14338
Malawi,MWI,2005,5390,12176
Malawi,MWI,2006,5233,11903
Malawi,MWI,2010,5143,12031
Malawi,MWI,2016,5197,11311
Malaysia,MYS,1990,4697,1546
Malaysia,MYS,1995,5673,1152
Malaysia,MYS,2000,6511,751
Malaysia,MYS,2005,8431,523
Malaysia,MYS,2006,8441,484
Malaysia,MYS,2010,8507,349
Malaysia,MYS,2016,10624,195
Maldives,MDV,1990,95,146
Maldives,MDV,1995,92,119
Maldives,MDV,2000,87,81
Maldives,MDV,2005,84,36
Maldives,MDV,2006,82,30
Maldives,MDV,2010,81,17
Maldives,MDV,2016,90,10
Mali,MLI,1990,6154,10238
Mali,MLI,1995,6119,10119
Mali,MLI,2000,5918,9798
Mali,MLI,2005,5270,9052
Mali,MLI,2006,5293,8986
Mali,MLI,2010,5569,9053
Mali,MLI,2016,6455,8820
Malta,MLT,1990,175,17
Malta,MLT,1995,164,11
Malta,MLT,2000,177,10
Malta,MLT,2005,157,8
Malta,MLT,2006,161,7
Malta,MLT,2010,171,6
Malta,MLT,2016,160,4
Marshall Islands,MHL,1990,8,13
Marshall Islands,MHL,1995,9,15
Marshall Islands,MHL,2000,10,18
Marshall Islands,MHL,2005,13,19
Marshall Islands,MHL,2006,13,19
Marshall Islands,MHL,2010,12,18
Marshall Islands,MHL,2016,15,14
Mauritania,MRT,1990,1225,1463
Mauritania,MRT,1995,1326,1550
Mauritania,MRT,2000,1448,1638
Mauritania,MRT,2005,1370,1562
Mauritania,MRT,2006,1375,1506
Mauritania,MRT,2010,1437,1436
Mauritania,MRT,2016,1768,1328
Mauritius,MUS,1990,482,217
Mauritius,MUS,1995,527,146
Mauritius,MUS,2000,572,96
Mauritius,MUS,2005,504,59
Mauritius,MUS,2006,471,54
Mauritius,MUS,2010,384,39
Mauritius,MUS,2016,422,27
Mexico,MEX,1990,18735,12236
Mexico,MEX,1995,20873,10691
Mexico,MEX,2000,21543,8919
Mexico,MEX,2005,22580,7829
Mexico,MEX,2006,22124,7741
Mexico,MEX,2010,23192,8419
Mexico,MEX,2016,26031,6460
Micronesia (country),FSM,1990,22,74
Micronesia (country),FSM,1995,24,67
Micronesia (country),FSM,2000,24,57
Micronesia (country),FSM,2005,25,51
Micronesia (country),FSM,2006,24,50
Micronesia (country),FSM,2010,20,45
Micronesia (country),FSM,2016,25,36
Middle SDI,,1990,1151650,1467785
Middle SDI,,1995,1231861,1415489
Middle SDI,,2000,1302129,1301100
Middle SDI,,2005,1367237,1193703
Middle SDI,,2006,1348927,1148640
Middle SDI,,2010,1391646,1032613
Middle SDI,,2016,1480777,768483
Moldova,MDA,1990,4417,3731
Moldova,MDA,1995,4919,4824
Moldova,MDA,2000,3862,3400
Moldova,MDA,2005,3708,1444
Moldova,MDA,2006,3669,1175
Moldova,MDA,2010,3694,629
Moldova,MDA,2016,3233,422
Mongolia,MNG,1990,1211,2588
Mongolia,MNG,1995,1117,2258
Mongolia,MNG,2000,1161,2003
Mongolia,MNG,2005,1215,1984
Mongolia,MNG,2006,1209,1923
Mongolia,MNG,2010,1235,1743
Mongolia,MNG,2016,1543,1583
Montenegro,MNE,1990,337,307
Montenegro,MNE,1995,376,326
Montenegro,MNE,2000,402,314
Montenegro,MNE,2005,390,300
Montenegro,MNE,2006,392,300
Montenegro,MNE,2010,405,309
Montenegro,MNE,2016,424,315
Morocco,MAR,1990,8185,8494
Morocco,MAR,1995,8665,5958
Morocco,MAR,2000,9067,3764
Morocco,MAR,2005,9863,2302
Morocco,MAR,2006,9930,2096
Morocco,MAR,2010,10266,1462
Morocco,MAR,2016,12676,877
Mozambique,MOZ,1990,6271,17413
Mozambique,MOZ,1995,6795,18764
Mozambique,MOZ,2000,6821,18362
Mozambique,MOZ,2005,6533,17362
Mozambique,MOZ,2006,6534,17608
Mozambique,MOZ,2010,6340,17925
Mozambique,MOZ,2016,6759,17154
Myanmar,MMR,1990,27119,45754
Myanmar,MMR,1995,28889,47531
Myanmar,MMR,2000,30604,48327
Myanmar,MMR,2005,31079,44733
Myanmar,MMR,2006,30238,43075
Myanmar,MMR,2010,27827,37413
Myanmar,MMR,2016,27527,30868
Namibia,NAM,1990,608,1152
Namibia,NAM,1995,658,1163
Namibia,NAM,2000,834,1300
Namibia,NAM,2005,780,1167
Namibia,NAM,2006,751,1120
Namibia,NAM,2010,649,967
Namibia,NAM,2016,686,802
Nepal,NPL,1990,16345,23620
Nepal,NPL,1995,16352,22170
Nepal,NPL,2000,16930,22683
Nepal,NPL,2005,18432,23566
Nepal,NPL,2006,18561,23572
Nepal,NPL,2010,19386,23421
Nepal,NPL,2016,22256,21154
Netherlands,NLD,1990,8087,283
Netherlands,NLD,1995,8050,194
Netherlands,NLD,2000,7853,153
Netherlands,NLD,2005,6939,113
Netherlands,NLD,2006,6736,104
Netherlands,NLD,2010,6454,81
Netherlands,NLD,2016,6726,65
New Zealand,NZL,1990,785,55
New Zealand,NZL,1995,762,24
New Zealand,NZL,2000,682,22
New Zealand,NZL,2005,620,24
New Zealand,NZL,2006,598,24
New Zealand,NZL,2010,490,20
New Zealand,NZL,2016,554,17
Nicaragua,NIC,1990,796,1347
Nicaragua,NIC,1995,866,1344
Nicaragua,NIC,2000,891,1233
Nicaragua,NIC,2005,962,1261
Nicaragua,NIC,2006,945,1253
Nicaragua,NIC,2010,908,1214
Nicaragua,NIC,2016,1025,1064
Niger,NER,1990,12592,15903
Niger,NER,1995,12954,16357
Niger,NER,2000,12646,16053
Niger,NER,2005,11844,15672
Niger,NER,2006,12082,15922
Niger,NER,2010,11311,14735
Niger,NER,2016,14460,16202
Nigeria,NGA,1990,66387,79745
Nigeria,NGA,1995,69075,83077
Nigeria,NGA,2000,69206,85716
Nigeria,NGA,2005,58218,76939
Nigeria,NGA,2006,57559,76693
Nigeria,NGA,2010,54430,74246
Nigeria,NGA,2016,69511,64586
North Africa and Middle East,,1990,177353,95720
North Africa and Middle East,,1995,188996,93218
North Africa and Middle East,,2000,196550,82540
North Africa and Middle East,,2005,206908,76094
North Africa and Middle East,,2006,211121,74227
North Africa and Middle East,,2010,230197,63966
North Africa and Middle East,,2016,267325,61932
North America,,1990,118995,1073
North America,,1995,120906,981
North America,,2000,121358,945
North America,,2005,115535,891
North America,,2006,110886,875
North America,,2010,98227,826
North America,,2016,113263,850
North Korea,PRK,1990,9796,17924
North Korea,PRK,1995,12215,22156
North Korea,PRK,2000,15675,28419
North Korea,PRK,2005,18931,33526
North Korea,PRK,2006,19380,34156
North Korea,PRK,2010,21491,37132
North Korea,PRK,2016,25951,39427
Northern Ireland,,1990,946,76
Northern Ireland,,1995,859,46
Northern Ireland,,2000,748,31
Northern Ireland,,2005,624,21
Northern Ireland,,2006,611,20
Northern Ireland,,2010,560,16
Northern Ireland,,2016,622,13
Northern Mariana Islands,MNP,1990,5,5
Northern Mariana Islands,MNP,1995,6,5
Northern Mariana Islands,MNP,2000,6,4
Northern Mariana Islands,MNP,2005,7,4
Northern Mariana Islands,MNP,2006,7,4
Northern Mariana Islands,MNP,2010,8,4
Northern Mariana Islands,MNP,2016,12,5
Norway,NOR,1990,2158,164
Norway,NOR,1995,1960,108
Norway,NOR,2000,1752,79
Norway,NOR,2005,1404,58
Norway,NOR,2006,1387,55
Norway,NOR,2010,1342,45
Norway,NOR,2016,1150,33
Oceania,,1990,2359,7900
Oceania,,1995,2596,8306
Oceania,,2000,2818,8343
Oceania,,2005,3063,9427
Oceania,,2006,3073,9718
Oceania,,2010,3019,10483
Oceania,,2016,3868,10501
Oman,OMN,1990,691,669
Oman,OMN,1995,684,464
Oman,OMN,2000,640,283
Oman,OMN,2005,641,111
Oman,OMN,2006,650,93
Oman,OMN,2010,742,49
Oman,OMN,2016,1208,25
Pakistan,PAK,1990,77280,99122
Pakistan,PAK,1995,93437,111947
Pakistan,PAK,2000,104850,115887
Pakistan,PAK,2005,109711,116763
Pakistan,PAK,2006,110426,116352
Pakistan,PAK,2010,115062,120657
Pakistan,PAK,2016,129454,106422
Palestine,PSE,1990,500,96
Palestine,PSE,1995,562,75
Palestine,PSE,2000,714,67
Palestine,PSE,2005,797,53
Palestine,PSE,2006,818,50
Palestine,PSE,2010,970,41
Palestine,PSE,2016,1324,31
Panama,PAN,1990,452,427
Panama,PAN,1995,491,410
Panama,PAN,2000,487,322
Panama,PAN,2005,521,348
Panama,PAN,2006,512,351
Panama,PAN,2010,490,340
Panama,PAN,2016,662,253
Papua New Guinea,PNG,1990,2039,6696
Papua New Guinea,PNG,1995,2230,7064
Papua New Guinea,PNG,2000,2409,7077
Papua New Guinea,PNG,2005,2584,8123
Papua New Guinea,PNG,2006,2612,8400
Papua New Guinea,PNG,2010,2617,9121
Papua New Guinea,PNG,2016,3313,9173
Paraguay,PRY,1990,951,1486
Paraguay,PRY,1995,1140,1523
Paraguay,PRY,2000,1235,1620
Paraguay,PRY,2005,1426,1775
Paraguay,PRY,2006,1433,1787
Paraguay,PRY,2010,1466,1728
Paraguay,PRY,2016,1941,1356
Peru,PER,1990,7839,12062
Peru,PER,1995,7933,9076
Peru,PER,2000,7235,6615
Peru,PER,2005,7992,6774
Peru,PER,2006,7711,6705
Peru,PER,2010,7485,6586
Peru,PER,2016,7608,5421
Philippines,PHL,1990,24483,39837
Philippines,PHL,1995,25700,34284
Philippines,PHL,2000,29404,33618
Philippines,PHL,2005,36396,44491
Philippines,PHL,2006,36996,47237
Philippines,PHL,2010,40473,57141
Philippines,PHL,2016,44676,55926
Poland,POL,1990,41395,12738
Poland,POL,1995,35462,8963
Poland,POL,2000,29088,5867
Poland,POL,2005,27293,4838
Poland,POL,2006,27738,4678
Poland,POL,2010,28446,3948
Poland,POL,2016,26914,3004
Portugal,PRT,1990,4599,2606
Portugal,PRT,1995,4600,1479
Portugal,PRT,2000,4495,941
Portugal,PRT,2005,4315,619
Portugal,PRT,2006,4176,558
Portugal,PRT,2010,3854,390
Portugal,PRT,2016,3841,254
Puerto Rico,PRI,1990,1326,14
Puerto Rico,PRI,1995,1441,11
Puerto Rico,PRI,2000,1544,8
Puerto Rico,PRI,2005,1349,6
Puerto Rico,PRI,2006,1305,6
Puerto Rico,PRI,2010,1220,5
Puerto Rico,PRI,2016,1375,5
Qatar,QAT,1990,112,0
Qatar,QAT,1995,135,0
Qatar,QAT,2000,157,0
Qatar,QAT,2005,170,0
Qatar,QAT,2006,173,0
Qatar,QAT,2010,222,0
Qatar,QAT,2016,296,0
Romania,ROU,1990,25358,19022
Romania,ROU,1995,24518,17268
Romania,ROU,2000,21207,13253
Romania,ROU,2005,18619,10369
Romania,ROU,2006,18399,9611
Romania,ROU,2010,18968,7509
Romania,ROU,2016,17329,5274
Russia,RUS,1990,127426,1300
Russia,RUS,1995,157299,2074
Russia,RUS,2000,152109,3074
Russia,RUS,2005,153845,8544
Russia,RUS,2006,143973,7436
Russia,RUS,2010,134612,4365
Russia,RUS,2016,126497,1819
Rwanda,RWA,1990,5623,9968
Rwanda,RWA,1995,5011,8682
Rwanda,RWA,2000,5760,9872
Rwanda,RWA,2005,4579,8146
Rwanda,RWA,2006,4389,7833
Rwanda,RWA,2010,3625,6526
Rwanda,RWA,2016,3811,6118
Saint Lucia,LCA,1990,43,45
Saint Lucia,LCA,1995,41,27
Saint Lucia,LCA,2000,37,16
Saint Lucia,LCA,2005,38,12
Saint Lucia,LCA,2006,38,11
Saint Lucia,LCA,2010,36,8
Saint Lucia,LCA,2016,44,5
Saint Vincent and the Grenadines,VCT,1990,34,61
Saint Vincent and the Grenadines,VCT,1995,36,55
Saint Vincent and the Grenadines,VCT,2000,35,29
Saint Vincent and the Grenadines,VCT,2005,33,13
Saint Vincent and the Grenadines,VCT,2006,32,12
Saint Vincent and the Grenadines,VCT,2010,30,8
Saint Vincent and the Grenadines,VCT,2016,38,6
Samoa,WSM,1990,10,92
Samoa,WSM,1995,11,90
Samoa,WSM,2000,11,87
Samoa,WSM,2005,12,84
Samoa,WSM,2006,10,83
Samoa,WSM,2010,6,85
Samoa,WSM,2016,10,77
Sao Tome and Principe,STP,1990,45,136
Sao Tome and Principe,STP,1995,46,137
Sao Tome and Principe,STP,2000,49,140
Sao Tome and Principe,STP,2005,47,126
Sao Tome and Principe,STP,2006,45,123
Sao Tome and Principe,STP,2010,40,106
Sao Tome and Principe,STP,2016,43,85
Saudi Arabia,SAU,1990,4871,3709
Saudi Arabia,SAU,1995,5888,3089
Saudi Arabia,SAU,2000,7447,2440
Saudi Arabia,SAU,2005,8111,924
Saudi Arabia,SAU,2006,8359,758
Saudi Arabia,SAU,2010,9348,319
Saudi Arabia,SAU,2016,11323,95
Scotland,,1990,4008,915
Scotland,,1995,3477,481
Scotland,,2000,2912,290
Scotland,,2005,2508,196
Scotland,,2006,2424,181
Scotland,,2010,2194,133
Scotland,,2016,2276,101
Senegal,SEN,1990,3755,6424
Senegal,SEN,1995,4015,6614
Senegal,SEN,2000,4413,6723
Senegal,SEN,2005,4242,7271
Senegal,SEN,2006,4365,7357
Senegal,SEN,2010,4633,7598
Senegal,SEN,2016,6252,7498
Serbia,SRB,1990,6393,6696
Serbia,SRB,1995,7183,7847
Serbia,SRB,2000,7688,7900
Serbia,SRB,2005,6966,6525
Serbia,SRB,2006,6922,6025
Serbia,SRB,2010,6971,4553
Serbia,SRB,2016,6178,4028
Seychelles,SYC,1990,30,9
Seychelles,SYC,1995,32,6
Seychelles,SYC,2000,32,4
Seychelles,SYC,2005,32,3
Seychelles,SYC,2006,31,2
Seychelles,SYC,2010,28,2
Seychelles,SYC,2016,30,1
Sierra Leone,SLE,1990,2503,6285
Sierra Leone,SLE,1995,2129,5333
Sierra Leone,SLE,2000,2008,5045
Sierra Leone,SLE,2005,2030,5469
Sierra Leone,SLE,2006,2098,5537
Sierra Leone,SLE,2010,2318,5637
Sierra Leone,SLE,2016,3084,5526
Singapore,SGP,1990,1068,136
Singapore,SGP,1995,1068,22
Singapore,SGP,2000,1034,5
Singapore,SGP,2005,1321,3
Singapore,SGP,2006,1306,3
Singapore,SGP,2010,1067,2
Singapore,SGP,2016,1399,1
Slovakia,SVK,1990,5576,575
Slovakia,SVK,1995,4600,441
Slovakia,SVK,2000,4135,359
Slovakia,SVK,2005,3987,316
Slovakia,SVK,2006,3981,309
Slovakia,SVK,2010,3812,265
Slovakia,SVK,2016,3674,215
Slovenia,SVN,1990,1280,464
Slovenia,SVN,1995,1177,389
Slovenia,SVN,2000,1034,288
Slovenia,SVN,2005,941,210
Slovenia,SVN,2006,918,195
Slovenia,SVN,2010,869,153
Slovenia,SVN,2016,950,119
Solomon Islands,SLB,1990,59,331
Solomon Islands,SLB,1995,65,353
Solomon Islands,SLB,2000,75,403
Solomon Islands,SLB,2005,106,483
Solomon Islands,SLB,2006,102,502
Solomon Islands,SLB,2010,88,562
Solomon Islands,SLB,2016,144,571
Somalia,SOM,1990,3507,10034
Somalia,SOM,1995,3298,9447
Somalia,SOM,2000,3420,9448
Somalia,SOM,2005,3209,9528
Somalia,SOM,2006,3235,9535
Somalia,SOM,2010,3402,9786
Somalia,SOM,2016,4034,9917
South Africa,ZAF,1990,15269,14406
South Africa,ZAF,1995,16777,13682
South Africa,ZAF,2000,24282,17707
South Africa,ZAF,2005,25274,14924
South Africa,ZAF,2006,25206,14624
South Africa,ZAF,2010,22109,11405
South Africa,ZAF,2016,21575,6934
South Asia,,1990,916845,1230630
South Asia,,1995,973556,1221013
South Asia,,2000,1043666,1219140
South Asia,,2005,1104701,1191503
South Asia,,2006,1121405,1194483
South Asia,,2010,1193879,1170711
South Asia,,2016,1392260,1017532
South Korea,KOR,1990,14716,583
South Korea,KOR,1995,13365,54
South Korea,KOR,2000,13311,11
South Korea,KOR,2005,13067,7
South Korea,KOR,2006,12941,6
South Korea,KOR,2010,13298,4
South Korea,KOR,2016,17616,4
South Sudan,SSD,1990,4735,9638
South Sudan,SSD,1995,4022,8142
South Sudan,SSD,2000,4187,8390
South Sudan,SSD,2005,4154,9231
South Sudan,SSD,2006,4392,9685
South Sudan,SSD,2010,5126,10964
South Sudan,SSD,2016,7016,12596
Southeast Asia,,1990,169225,307535
Southeast Asia,,1995,182853,292949
Southeast Asia,,2000,202146,280478
Southeast Asia,,2005,227187,291639
Southeast Asia,,2006,227133,292113
Southeast Asia,,2010,227210,278805
Southeast Asia,,2016,249469,215165
Southern Sub-Saharan Africa,,1990,20039,23771
Southern Sub-Saharan Africa,,1995,21939,23189
Southern Sub-Saharan Africa,,2000,31646,30114
Southern Sub-Saharan Africa,,2005,33269,28325
Southern Sub-Saharan Africa,,2006,33018,27894
Southern Sub-Saharan Africa,,2010,29487,24474
Southern Sub-Saharan Africa,,2016,29063,17802
Spain,ESP,1990,14236,3270
Spain,ESP,1995,14365,1935
Spain,ESP,2000,14813,1293
Spain,ESP,2005,14717,914
Spain,ESP,2006,14324,840
Spain,ESP,2010,13430,642
Spain,ESP,2016,14168,524
Sri Lanka,LKA,1990,5889,9673
Sri Lanka,LKA,1995,6369,9722
Sri Lanka,LKA,2000,7322,10099
Sri Lanka,LKA,2005,7526,9991
Sri Lanka,LKA,2006,7557,10044
Sri Lanka,LKA,2010,7368,9541
Sri Lanka,LKA,2016,7550,7706
Sub-Saharan Africa,,1990,299130,520647
Sub-Saharan Africa,,1995,319683,548340
Sub-Saharan Africa,,2000,340145,567733
Sub-Saharan Africa,,2005,320122,552774
Sub-Saharan Africa,,2006,321055,553831
Sub-Saharan Africa,,2010,318168,549344
Sub-Saharan Africa,,2016,379830,521595
Sudan,SDN,1990,12826,19803
Sudan,SDN,1995,14957,22463
Sudan,SDN,2000,15521,21762
Sudan,SDN,2005,15849,20779
Sudan,SDN,2006,16047,20639
Sudan,SDN,2010,16428,18737
Sudan,SDN,2016,19219,17609
Suriname,SUR,1990,139,109
Suriname,SUR,1995,150,99
Suriname,SUR,2000,170,94
Suriname,SUR,2005,149,86
Suriname,SUR,2006,147,84
Suriname,SUR,2010,143,80
Suriname,SUR,2016,191,65
Swaziland,SWZ,1990,280,553
Swaziland,SWZ,1995,296,548
Swaziland,SWZ,2000,445,768
Swaziland,SWZ,2005,548,898
Swaziland,SWZ,2006,529,861
Swaziland,SWZ,2010,469,683
Swaziland,SWZ,2016,436,455
Sweden,SWE,1990,3041,406
Sweden,SWE,1995,2582,273
Sweden,SWE,2000,2273,225
Sweden,SWE,2005,1761,198
Sweden,SWE,2006,1729,191
Sweden,SWE,2010,1619,167
Sweden,SWE,2016,1472,155
Switzerland,CHE,1990,3085,192
Switzerland,CHE,1995,2887,166
Switzerland,CHE,2000,2544,149
Switzerland,CHE,2005,2280,130
Switzerland,CHE,2006,2255,126
Switzerland,CHE,2010,2198,105
Switzerland,CHE,2016,2191,79
Syria,SYR,1990,4512,404
Syria,SYR,1995,4921,240
Syria,SYR,2000,5494,141
Syria,SYR,2005,5692,71
Syria,SYR,2006,5868,62
Syria,SYR,2010,6807,37
Syria,SYR,2016,6906,15
Taiwan,TWN,1990,6074,4145
Taiwan,TWN,1995,6788,2948
Taiwan,TWN,2000,7259,1629
Taiwan,TWN,2005,8243,1285
Taiwan,TWN,2006,8335,1243
Taiwan,TWN,2010,9224,1092
Taiwan,TWN,2016,10647,794
Tajikistan,TJK,1990,6097,6655
Tajikistan,TJK,1995,5643,6308
Tajikistan,TJK,2000,5027,5162
Tajikistan,TJK,2005,4282,3573
Tajikistan,TJK,2006,4183,3281
Tajikistan,TJK,2010,4309,2860
Tajikistan,TJK,2016,4746,2802
Tanzania,TZA,1990,12643,35557
Tanzania,TZA,1995,13854,37534
Tanzania,TZA,2000,13673,34683
Tanzania,TZA,2005,13225,34127
Tanzania,TZA,2006,13495,34792
Tanzania,TZA,2010,13645,34323
Tanzania,TZA,2016,14443,33024
Thailand,THA,1990,15842,23952
Thailand,THA,1995,18115,23364
Thailand,THA,2000,20319,19496
Thailand,THA,2005,22998,17771
Thailand,THA,2006,23223,17368
Thailand,THA,2010,22973,13992
Thailand,THA,2016,26696,8648
Timor,TLS,1990,276,807
Timor,TLS,1995,260,721
Timor,TLS,2000,213,561
Timor,TLS,2005,223,565
Timor,TLS,2006,225,567
Timor,TLS,2010,255,621
Timor,TLS,2016,257,596
Togo,TGO,1990,2386,3952
Togo,TGO,1995,2559,4211
Togo,TGO,2000,2700,4404
Togo,TGO,2005,2501,4509
Togo,TGO,2006,2480,4464
Togo,TGO,2010,2564,4580
Togo,TGO,2016,3679,4591
Tonga,TON,1990,8,58
Tonga,TON,1995,9,62
Tonga,TON,2000,9,57
Tonga,TON,2005,9,47
Tonga,TON,2006,8,45
Tonga,TON,2010,5,41
Tonga,TON,2016,5,34
Trinidad and Tobago,TTO,1990,474,20
Trinidad and Tobago,TTO,1995,502,17
Trinidad and Tobago,TTO,2000,502,13
Trinidad and Tobago,TTO,2005,402,9
Trinidad and Tobago,TTO,2006,389,9
Trinidad and Tobago,TTO,2010,359,7
Trinidad and Tobago,TTO,2016,474,6
Tunisia,TUN,1990,3321,1387
Tunisia,TUN,1995,3757,938
Tunisia,TUN,2000,3802,507
Tunisia,TUN,2005,3725,202
Tunisia,TUN,2006,3847,162
Tunisia,TUN,2010,4421,88
Tunisia,TUN,2016,5077,38
Turkey,TUR,1990,26769,15003
Turkey,TUR,1995,27988,10754
Turkey,TUR,2000,25897,6209
Turkey,TUR,2005,21985,3008
Turkey,TUR,2006,21766,2596
Turkey,TUR,2010,23734,1580
Turkey,TUR,2016,28785,773
Turkmenistan,TKM,1990,3456,253
Turkmenistan,TKM,1995,3745,186
Turkmenistan,TKM,2000,3658,116
Turkmenistan,TKM,2005,2767,71
Turkmenistan,TKM,2006,2802,63
Turkmenistan,TKM,2010,2944,40
Turkmenistan,TKM,2016,3206,23
Uganda,UGA,1990,12152,19690
Uganda,UGA,1995,12953,20561
Uganda,UGA,2000,12734,20022
Uganda,UGA,2005,12692,20371
Uganda,UGA,2006,12877,20667
Uganda,UGA,2010,12654,20331
Uganda,UGA,2016,14699,20025
Ukraine,UKR,1990,65027,12253
Ukraine,UKR,1995,74540,13186
Ukraine,UKR,2000,65892,11546
Ukraine,UKR,2005,64905,12145
Ukraine,UKR,2006,62629,10408
Ukraine,UKR,2010,56536,6323
Ukraine,UKR,2016,54348,4786
United Arab Emirates,ARE,1990,497,79
United Arab Emirates,ARE,1995,643,52
United Arab Emirates,ARE,2000,757,38
United Arab Emirates,ARE,2005,927,21
United Arab Emirates,ARE,2006,1030,20
United Arab Emirates,ARE,2010,1835,23
United Arab Emirates,ARE,2016,3224,22
United Kingdom,GBR,1990,41972,6293
United Kingdom,GBR,1995,38469,3130
United Kingdom,GBR,2000,32892,1784
United Kingdom,GBR,2005,27817,1144
United Kingdom,GBR,2006,26841,1047
United Kingdom,GBR,2010,24519,778
United Kingdom,GBR,2016,25572,628
United States,USA,1990,111688,958
United States,USA,1995,113374,899
United States,USA,2000,113950,879
United States,USA,2005,108060,833
United States,USA,2006,103600,819
United States,USA,2010,91491,777
United States,USA,2016,105616,806
United States Virgin Islands,VIR,1990,31,2
United States Virgin Islands,VIR,1995,36,2
United States Virgin Islands,VIR,2000,44,2
United States Virgin Islands,VIR,2005,46,2
United States Virgin Islands,VIR,2006,46,2
United States Virgin Islands,VIR,2010,49,2
United States Virgin Islands,VIR,2016,62,2
Uruguay,URY,1990,1457,250
Uruguay,URY,1995,1475,193
Uruguay,URY,2000,1397,154
Uruguay,URY,2005,1280,166
Uruguay,URY,2006,1260,164
Uruguay,URY,2010,1228,125
Uruguay,URY,2016,1200,88
Uzbekistan,UZB,1990,15407,10773
Uzbekistan,UZB,1995,17951,10669
Uzbekistan,UZB,2000,18668,8565
Uzbekistan,UZB,2005,18875,7773
Uzbekistan,UZB,2006,18743,7382
Uzbekistan,UZB,2010,18529,6056
Uzbekistan,UZB,2016,20480,4863
Vanuatu,VUT,1990,46,174
Vanuatu,VUT,1995,54,198
Vanuatu,VUT,2000,60,213
Vanuatu,VUT,2005,72,233
Vanuatu,VUT,2006,70,237
Vanuatu,VUT,2010,62,257
Vanuatu,VUT,2016,83,277
Venezuela,VEN,1990,5292,717
Venezuela,VEN,1995,5553,623
Venezuela,VEN,2000,6093,442
Venezuela,VEN,2005,6333,335
Venezuela,VEN,2006,6533,324
Venezuela,VEN,2010,6694,262
Venezuela,VEN,2016,8701,199
Vietnam,VNM,1990,28811,55618
Vietnam,VNM,1995,30971,56015
Vietnam,VNM,2000,34100,55768
Vietnam,VNM,2005,38527,53042
Vietnam,VNM,2006,38574,51584
Vietnam,VNM,2010,38872,43410
Vietnam,VNM,2016,41675,33577
Wales,,1990,2127,337
Wales,,1995,1961,168
Wales,,2000,1686,94
Wales,,2005,1413,59
Wales,,2006,1366,54
Wales,,2010,1282,41
Wales,,2016,1321,32
Western Europe,,1990,213932,22877
Western Europe,,1995,196146,13174
Western Europe,,2000,177844,8935
Western Europe,,2005,160318,6561
Western Europe,,2006,157878,6159
Western Europe,,2010,154433,4926
Western Europe,,2016,160741,3941
Western Sub-Saharan Africa,,1990,140175,201053
Western Sub-Saharan Africa,,1995,148424,211453
Western Sub-Saharan Africa,,2000,153465,219064
Western Sub-Saharan Africa,,2005,138294,211598
Western Sub-Saharan Africa,,2006,138762,212459
Western Sub-Saharan Africa,,2010,139100,213132
Western Sub-Saharan Africa,,2016,180996,202789
World,OWID_WRL,1990,3471647,3738921
World,OWID_WRL,1995,3686887,3691511
World,OWID_WRL,2000,3808569,3510479
World,OWID_WRL,2005,3904674,3323102
World,OWID_WRL,2006,3874809,3260728
World,OWID_WRL,2010,3952905,3062664
World,OWID_WRL,2016,4326330,2576361
Yemen,YEM,1990,8302,12043
Yemen,YEM,1995,10399,12985
Yemen,YEM,2000,10420,10421
Yemen,YEM,2005,9316,8283
Yemen,YEM,2006,9359,7967
Yemen,YEM,2010,9987,7751
Yemen,YEM,2016,12708,6760
Zambia,ZMB,1990,5341,10364
Zambia,ZMB,1995,5938,10938
Zambia,ZMB,2000,6408,12255
Zambia,ZMB,2005,6307,12952
Zambia,ZMB,2006,6285,12736
Zambia,ZMB,2010,5731,11353
Zambia,ZMB,2016,5848,10675
Zimbabwe,ZWE,1990,2860,5744
Zimbabwe,ZWE,1995,3015,5693
Zimbabwe,ZWE,2000,4460,7687
Zimbabwe,ZWE,2005,4923,8612
Zimbabwe,ZWE,2006,4829,8627
Zimbabwe,ZWE,2010,4696,8997
Zimbabwe,ZWE,2016,4672,7676